{"stats":{"minecraft:dropped":{"minecraft:honey_bottle":3,"minecraft:carrot_on_a_stick":1},"minecraft:custom":{"minecraft:time_since_rest":53814,"minecraft:open_chest":20,"minecraft:crouch_one_cm":1043,"minecraft:play_time":53814,"minecraft:sprint_one_cm":198350,"minecraft:open_shulker_box":26,"minecraft:damage_taken":1560,"minecraft:walk_one_cm":282039,"minecraft:sneak_time":364,"minecraft:drop":4,"minecraft:aviate_one_cm":7041,"minecraft:jump":26,"minecraft:damage_dealt":40,"minecraft:leave_game":4,"minecraft:time_since_death":53814,"minecraft:total_world_time":53814,"minecraft:fly_one_cm":105518,"minecraft:inspect_dispenser":4},"minecraft:used":{"minecraft:light_blue_concrete":2,"minecraft:red_concrete":2,"minecraft:carrot_on_a_stick":611,"minecraft:elytra":1,"minecraft:yellow_concrete":2,"minecraft:light_blue_terracotta":2,"minecraft:magenta_concrete":2,"minecraft:honey_bottle":4}},"DataVersion":3578}