{"stats":{"minecraft:mined":{"minecraft:cobblestone":92},"minecraft:used":{"minecraft:deepslate_tiles":18,"minecraft:glass":20,"minecraft:nether_brick_fence":8,"minecraft:stone_brick_slab":13,"minecraft:netherite_block":4,"minecraft:light":34,"minecraft:sea_lantern":11,"minecraft:black_concrete":41,"minecraft:acacia_sign":1,"minecraft:quartz_pillar":1,"minecraft:polished_deepslate":1,"minecraft:command_block":1,"minecraft:red_wool":67,"minecraft:iron_block":41,"minecraft:red_concrete":12,"minecraft:birch_wood":12,"minecraft:polished_andesite":6,"minecraft:carrot_on_a_stick":1134,"minecraft:stone_button":1,"minecraft:verdant_froglight":7,"minecraft:elytra":1,"minecraft:oak_sign":4,"minecraft:light_blue_terracotta":3,"minecraft:mycelium":3,"minecraft:smooth_sandstone_slab":2,"minecraft:magenta_concrete":10,"minecraft:tinted_glass":21,"minecraft:purpur_slab":1,"minecraft:red_mushroom_block":59,"minecraft:end_stone_brick_slab":3,"minecraft:quartz_stairs":1,"minecraft:crimson_planks":3,"minecraft:player_head":23,"minecraft:smooth_sandstone_stairs":14,"minecraft:deepslate_bricks":2,"minecraft:netherrack":3,"minecraft:stripped_crimson_stem":6,"minecraft:birch_button":14,"minecraft:basalt":2,"minecraft:coal_block":17,"minecraft:redstone_lamp":9,"minecraft:light_blue_concrete":11,"minecraft:deepslate_tile_stairs":4,"minecraft:netherite_pickaxe":92,"minecraft:lapis_block":12,"minecraft:bucket":1,"minecraft:yellow_concrete":12,"minecraft:deepslate_brick_slab":5,"minecraft:purple_terracotta":18,"minecraft:lingering_potion":361,"minecraft:stone_pressure_plate":4,"minecraft:ochre_froglight":24,"minecraft:white_concrete":2,"minecraft:pearlescent_froglight":10,"minecraft:beehive":9,"minecraft:light_blue_stained_glass":1,"minecraft:nether_brick_stairs":1,"minecraft:smooth_stone":2,"minecraft:honey_bottle":4},"minecraft:custom":{"minecraft:time_since_rest":32650,"minecraft:sprint_one_cm":549881,"minecraft:damage_taken":26360,"minecraft:walk_one_cm":1859144,"minecraft:mob_kills":1,"minecraft:drop":25,"minecraft:damage_dealt":120,"minecraft:tune_noteblock":83,"minecraft:fly_one_cm":2099410,"minecraft:open_barrel":1,"minecraft:open_chest":44,"minecraft:crouch_one_cm":15091,"minecraft:play_time":337301,"minecraft:open_shulker_box":732,"minecraft:deaths":5,"minecraft:sneak_time":6180,"minecraft:aviate_one_cm":7041,"minecraft:jump":159,"minecraft:leave_game":10,"minecraft:time_since_death":32619,"minecraft:walk_on_water_one_cm":1,"minecraft:total_world_time":337301,"minecraft:fall_one_cm":234142,"minecraft:inspect_dispenser":15},"minecraft:dropped":{"minecraft:filled_map":1,"minecraft:pearlescent_froglight":1,"minecraft:tinted_glass":1,"minecraft:lingering_potion":2,"minecraft:netherite_sword":1,"minecraft:honey_bottle":3,"minecraft:carrot_on_a_stick":16}},"DataVersion":3578}