{"stats":{"minecraft:dropped":{"minecraft:ravager_spawn_egg":1,"minecraft:netherite_sword":2,"minecraft:iron_golem_spawn_egg":1,"minecraft:iron_block":1,"minecraft:turtle_helmet":1,"minecraft:milk_bucket":1,"minecraft:brush":1,"minecraft:splash_potion":4},"minecraft:mined":{"minecraft:cobblestone":84},"minecraft:killed":{"minecraft:magma_cube":3,"minecraft:pig":1,"minecraft:endermite":1,"minecraft:ravager":1,"minecraft:villager":4},"minecraft:custom":{"minecraft:interact_with_smithing_table":6,"minecraft:mob_kills":11,"minecraft:interact_with_anvil":4,"minecraft:open_barrel":3,"minecraft:open_shulker_box":135,"minecraft:pot_flower":1,"minecraft:interact_with_grindstone":9,"minecraft:leave_game":3,"minecraft:time_since_death":42763,"minecraft:time_since_rest":45327,"minecraft:damage_taken":10,"minecraft:sprint_one_cm":608075,"minecraft:walk_one_cm":1931757,"minecraft:drop":12,"minecraft:damage_dealt":1536,"minecraft:fly_one_cm":1192214,"minecraft:open_chest":51,"minecraft:crouch_one_cm":12167,"minecraft:play_time":287700,"minecraft:deaths":6,"minecraft:sneak_time":3905,"minecraft:boat_one_cm":43008,"minecraft:jump":495,"minecraft:walk_on_water_one_cm":79,"minecraft:total_world_time":287700,"minecraft:fall_one_cm":1320,"minecraft:inspect_dispenser":6},"minecraft:used":{"minecraft:cherry_boat":6,"minecraft:quartz_bricks":6,"minecraft:nether_brick_fence":6,"minecraft:water_bucket":4,"minecraft:netherite_sword":28,"minecraft:end_stone_bricks":19,"minecraft:polished_deepslate":1,"minecraft:chiseled_deepslate":13,"minecraft:birch_planks":2,"minecraft:chorus_fruit":9,"minecraft:red_concrete":18,"minecraft:lead":1,"minecraft:dispenser":2,"minecraft:carrot_on_a_stick":731,"minecraft:copper_block":21,"minecraft:iron_golem_spawn_egg":1,"minecraft:oak_sign":12,"minecraft:blackstone":6,"minecraft:light_blue_terracotta":6,"minecraft:polished_basalt":10,"minecraft:ender_pearl":4,"minecraft:tinted_glass":133,"minecraft:sandstone":1,"minecraft:redstone_block":8,"minecraft:end_stone_brick_slab":44,"minecraft:quartz_stairs":1,"minecraft:sheep_spawn_egg":13,"minecraft:clay":1,"minecraft:smooth_sandstone_stairs":40,"minecraft:bamboo_mosaic_stairs":1,"minecraft:end_stone_brick_wall":5,"minecraft:anvil":4,"minecraft:birch_pressure_plate":1,"minecraft:rail":19,"minecraft:light_blue_concrete":20,"minecraft:cut_copper":1,"minecraft:oak_slab":2,"minecraft:prismarine_bricks":19,"minecraft:yellow_concrete":20,"minecraft:yellow_carpet":15,"minecraft:chiseled_quartz_block":4,"minecraft:raw_iron_block":3,"minecraft:endermite_spawn_egg":1,"minecraft:light_blue_stained_glass":5,"minecraft:blue_concrete":1,"minecraft:mud_brick_stairs":8,"minecraft:birch_fence":1,"minecraft:milk_bucket":2,"minecraft:cyan_stained_glass":1,"minecraft:honey_bottle":36,"minecraft:polished_deepslate_stairs":3,"minecraft:birch_door":1,"minecraft:shroomlight":10,"minecraft:honeycomb":3,"minecraft:flower_pot":1,"minecraft:ravager_spawn_egg":2,"minecraft:stone_brick_slab":4,"minecraft:piston":6,"minecraft:dark_prismarine":24,"minecraft:lever":4,"minecraft:bamboo_raft":2,"minecraft:black_concrete":75,"minecraft:sea_lantern":37,"minecraft:cyan_terracotta":2,"minecraft:waxed_exposed_cut_copper_stairs":3,"minecraft:quartz_pillar":5,"minecraft:birch_fence_gate":1,"minecraft:light_gray_concrete":5,"minecraft:iron_block":11,"minecraft:map":3,"minecraft:pig_spawn_egg":2,"minecraft:smooth_sandstone":8,"minecraft:magenta_concrete":20,"minecraft:cherry_button":1,"minecraft:smooth_quartz":3,"minecraft:smooth_basalt":12,"minecraft:magma_cube_spawn_egg":1,"minecraft:birch_button":2,"minecraft:reinforced_deepslate":8,"minecraft:glowstone":68,"minecraft:potion":1,"minecraft:cherry_stairs":12,"minecraft:turtle_helmet":2,"minecraft:deepslate_tile_stairs":2,"minecraft:netherite_pickaxe":84,"minecraft:minecart":22,"minecraft:waxed_oxidized_cut_copper_stairs":11,"minecraft:bucket":3,"minecraft:andesite":41,"minecraft:chain":3,"minecraft:acacia_wood":1,"minecraft:polished_blackstone_button":1,"minecraft:waxed_cut_copper_stairs":97,"minecraft:smooth_stone":2,"minecraft:dark_prismarine_stairs":35,"minecraft:splash_potion":162,"minecraft:gray_stained_glass":1}},"DataVersion":3578}