{"stats":{"minecraft:dropped":{"minecraft:ravager_spawn_egg":1,"minecraft:netherite_sword":2,"minecraft:iron_golem_spawn_egg":1,"minecraft:honey_bottle":1,"minecraft:iron_block":1,"minecraft:birch_fence":1,"minecraft:turtle_helmet":1,"minecraft:milk_bucket":1,"minecraft:brush":1,"minecraft:carved_pumpkin":1,"minecraft:splash_potion":4,"minecraft:oxidized_copper":1},"minecraft:killed":{"minecraft:magma_cube":3,"minecraft:pig":1,"minecraft:endermite":1,"minecraft:ravager":1,"minecraft:silverfish":1,"minecraft:villager":4},"minecraft:custom":{"minecraft:interact_with_smithing_table":7,"minecraft:mob_kills":12,"minecraft:interact_with_anvil":5,"minecraft:interact_with_crafting_table":5,"minecraft:open_barrel":5,"minecraft:open_shulker_box":144,"minecraft:pot_flower":1,"minecraft:interact_with_grindstone":9,"minecraft:leave_game":5,"minecraft:time_since_death":20095,"minecraft:time_since_rest":20120,"minecraft:damage_taken":450,"minecraft:sprint_one_cm":1186027,"minecraft:walk_one_cm":3212044,"minecraft:drop":16,"minecraft:damage_dealt":1616,"minecraft:fly_one_cm":1854010,"minecraft:open_chest":77,"minecraft:crouch_one_cm":24436,"minecraft:play_time":491900,"minecraft:deaths":14,"minecraft:sneak_time":7033,"minecraft:boat_one_cm":43008,"minecraft:jump":780,"minecraft:walk_on_water_one_cm":80,"minecraft:total_world_time":491900,"minecraft:fall_one_cm":6187,"minecraft:inspect_dispenser":20},"minecraft:used":{"minecraft:cherry_boat":6,"minecraft:quartz_bricks":6,"minecraft:nether_brick_fence":6,"minecraft:water_bucket":7,"minecraft:netherite_sword":28,"minecraft:end_rod":30,"minecraft:end_stone_bricks":19,"minecraft:polished_deepslate":4,"minecraft:chiseled_deepslate":13,"minecraft:lead":1,"minecraft:birch_planks":3,"minecraft:dispenser":4,"minecraft:red_concrete":30,"minecraft:chorus_fruit":9,"minecraft:polished_andesite":2,"minecraft:carrot_on_a_stick":1132,"minecraft:copper_block":21,"minecraft:blackstone":6,"minecraft:oak_sign":31,"minecraft:ender_pearl":4,"minecraft:light_blue_terracotta":11,"minecraft:polished_basalt":10,"minecraft:iron_golem_spawn_egg":1,"minecraft:decorated_pot":4,"minecraft:tinted_glass":203,"minecraft:sandstone":1,"minecraft:red_mushroom_block":2,"minecraft:redstone_block":8,"minecraft:end_stone_brick_slab":68,"minecraft:bell":1,"minecraft:clay":1,"minecraft:quartz_stairs":1,"minecraft:sheep_spawn_egg":13,"minecraft:chiseled_nether_bricks":1,"minecraft:player_head":5,"minecraft:smooth_sandstone_stairs":40,"minecraft:waxed_copper_block":8,"minecraft:bamboo_mosaic_stairs":1,"minecraft:end_stone_brick_wall":5,"minecraft:anvil":5,"minecraft:birch_pressure_plate":1,"minecraft:purpur_stairs":6,"minecraft:rail":19,"minecraft:light_blue_concrete":31,"minecraft:cut_copper":1,"minecraft:oak_slab":2,"minecraft:crafting_table":3,"minecraft:prismarine_bricks":19,"minecraft:sticky_piston":1,"minecraft:yellow_concrete":34,"minecraft:lingering_potion":106,"minecraft:yellow_carpet":15,"minecraft:chiseled_quartz_block":4,"minecraft:raw_iron_block":3,"minecraft:ochre_froglight":1,"minecraft:mud_brick_stairs":8,"minecraft:cyan_stained_glass":1,"minecraft:glass":3,"minecraft:endermite_spawn_egg":1,"minecraft:piglin_head":3,"minecraft:light_blue_stained_glass":5,"minecraft:blue_concrete":1,"minecraft:black_concrete":75,"minecraft:polished_deepslate_stairs":3,"minecraft:flower_pot":1,"minecraft:deepslate_brick_stairs":15,"minecraft:milk_bucket":4,"minecraft:birch_door":1,"minecraft:honey_bottle":42,"minecraft:oak_log":3,"minecraft:birch_fence":1,"minecraft:shroomlight":10,"minecraft:dark_prismarine":24,"minecraft:piston":6,"minecraft:frog_spawn_egg":1,"minecraft:stone_brick_slab":4,"minecraft:ravager_spawn_egg":2,"minecraft:waxed_oxidized_copper":43,"minecraft:lever":4,"minecraft:bamboo_raft":2,"minecraft:cyan_terracotta":2,"minecraft:sea_lantern":96,"minecraft:honeycomb":4,"minecraft:waxed_exposed_cut_copper_stairs":3,"minecraft:quartz_pillar":6,"minecraft:birch_fence_gate":1,"minecraft:light_gray_concrete":6,"minecraft:spruce_wood":2,"minecraft:iron_block":11,"minecraft:grass_block":8,"minecraft:barrier":10,"minecraft:pig_spawn_egg":2,"minecraft:smooth_sandstone":8,"minecraft:map":3,"minecraft:magenta_concrete":31,"minecraft:cherry_button":1,"minecraft:smooth_quartz":3,"minecraft:dark_oak_button":2,"minecraft:stone_brick_stairs":9,"minecraft:smooth_basalt":12,"minecraft:magma_cube_spawn_egg":1,"minecraft:basalt":1,"minecraft:birch_button":2,"minecraft:reinforced_deepslate":8,"minecraft:glowstone":71,"minecraft:wooden_sword":2,"minecraft:redstone_lamp":6,"minecraft:potion":1,"minecraft:cherry_stairs":12,"minecraft:turtle_helmet":3,"minecraft:deepslate_tile_stairs":2,"minecraft:minecart":22,"minecraft:waxed_oxidized_cut_copper_stairs":132,"minecraft:bucket":7,"minecraft:andesite":41,"minecraft:netherite_pickaxe":156,"minecraft:chain":3,"minecraft:acacia_wood":1,"minecraft:polished_blackstone_button":1,"minecraft:waxed_cut_copper_stairs":100,"minecraft:end_stone_brick_stairs":21,"minecraft:pearlescent_froglight":1,"minecraft:oak_hanging_sign":2,"minecraft:smooth_stone":2,"minecraft:dark_prismarine_stairs":35,"minecraft:bone_meal":8,"minecraft:splash_potion":416,"minecraft:gray_stained_glass":1},"minecraft:mined":{"minecraft:cobblestone":156},"minecraft:crafted":{"minecraft:decorated_pot":2}},"DataVersion":3578}