{"stats":{"minecraft:mined":{"minecraft:cobblestone":132},"minecraft:used":{"minecraft:light_blue_banner":2,"minecraft:water_bucket":3,"minecraft:end_rod":56,"minecraft:iron_bars":24,"minecraft:end_stone_bricks":6,"minecraft:light_blue_glazed_terracotta":3,"minecraft:purple_candle":4,"minecraft:pink_glazed_terracotta":1,"minecraft:polished_deepslate":24,"minecraft:prismarine_brick_slab":4,"minecraft:flint_and_steel":1,"minecraft:red_concrete":34,"minecraft:powered_rail":19,"minecraft:polished_blackstone":50,"minecraft:carrot_on_a_stick":132,"minecraft:mangrove_planks":41,"minecraft:oak_sign":2,"minecraft:light_blue_terracotta":5,"minecraft:copper_block":85,"minecraft:purple_glazed_terracotta":6,"minecraft:tinted_glass":12,"minecraft:sandstone":3,"minecraft:black_glazed_terracotta":1,"minecraft:sheep_spawn_egg":1,"minecraft:clay":1,"minecraft:netherrack":8,"minecraft:cut_copper_stairs":73,"minecraft:green_glazed_terracotta":20,"minecraft:oxidized_cut_copper":10,"minecraft:exposed_cut_copper_stairs":1,"minecraft:mossy_cobblestone":32,"minecraft:rail":1,"minecraft:anvil":6,"minecraft:light_blue_concrete":34,"minecraft:cut_copper":50,"minecraft:prismarine_brick_stairs":2,"minecraft:yellow_concrete":34,"minecraft:jungle_trapdoor":5,"minecraft:light_blue_stained_glass":4,"minecraft:cake":1,"minecraft:polished_deepslate_stairs":9,"minecraft:redstone_torch":1,"minecraft:stone_brick_slab":1,"minecraft:dark_prismarine":1,"minecraft:cyan_terracotta":27,"minecraft:sea_lantern":13,"minecraft:honeycomb":89,"minecraft:mangrove_log":22,"minecraft:bamboo_fence":22,"minecraft:villager_spawn_egg":7,"minecraft:mangrove_stairs":35,"minecraft:light_gray_concrete":1,"minecraft:string":3,"minecraft:smooth_sandstone":3,"minecraft:pig_spawn_egg":1,"minecraft:detector_rail":2,"minecraft:magenta_concrete":33,"minecraft:deepslate":26,"minecraft:stone_brick_stairs":49,"minecraft:barrel":17,"minecraft:smooth_basalt":11,"minecraft:stripped_mangrove_log":11,"minecraft:green_shulker_box":8,"minecraft:exposed_cut_copper":2,"minecraft:oxidized_cut_copper_stairs":29,"minecraft:smithing_table":5,"minecraft:bucket":6,"minecraft:acacia_fence":32,"minecraft:netherite_pickaxe":132,"minecraft:gold_block":5,"minecraft:acacia_wood":54,"minecraft:birch_stairs":1},"minecraft:custom":{"minecraft:interact_with_anvil":5,"minecraft:mob_kills":1,"minecraft:open_barrel":4,"minecraft:open_shulker_box":243,"minecraft:leave_game":3,"minecraft:time_since_death":65015,"minecraft:time_since_rest":65107,"minecraft:sprint_one_cm":183472,"minecraft:damage_taken":7490,"minecraft:walk_one_cm":1891240,"minecraft:drop":13,"minecraft:damage_dealt":22,"minecraft:fly_one_cm":686909,"minecraft:open_chest":41,"minecraft:crouch_one_cm":33405,"minecraft:play_time":282433,"minecraft:deaths":2,"minecraft:sneak_time":9544,"minecraft:jump":124,"minecraft:total_world_time":282433,"minecraft:inspect_dispenser":4},"minecraft:dropped":{"minecraft:acacia_wood":1,"minecraft:tnt":1,"minecraft:netherite_sword":1,"minecraft:wheat":1,"minecraft:honeycomb":1,"minecraft:name_tag":1,"minecraft:mangrove_planks":1,"minecraft:waxed_copper_block":1,"minecraft:sea_lantern":1,"minecraft:mangrove_log":1,"minecraft:waxed_cut_copper":1,"minecraft:mangrove_stairs":1,"minecraft:magenta_wool":1}},"DataVersion":3578}