{"stats":{"minecraft:dropped":{"minecraft:tnt":1,"minecraft:wheat":1},"minecraft:mined":{"minecraft:cobblestone":20},"minecraft:custom":{"minecraft:time_since_rest":125572,"minecraft:sprint_one_cm":120653,"minecraft:walk_one_cm":355144,"minecraft:mob_kills":1,"minecraft:interact_with_anvil":5,"minecraft:drop":2,"minecraft:damage_dealt":22,"minecraft:fly_one_cm":672722,"minecraft:open_barrel":4,"minecraft:open_chest":6,"minecraft:crouch_one_cm":17365,"minecraft:play_time":125572,"minecraft:open_shulker_box":3,"minecraft:sneak_time":5596,"minecraft:jump":124,"minecraft:leave_game":2,"minecraft:time_since_death":125572,"minecraft:total_world_time":125572},"minecraft:used":{"minecraft:polished_deepslate_stairs":9,"minecraft:redstone_torch":1,"minecraft:mangrove_stairs":35,"minecraft:mangrove_log":22,"minecraft:polished_deepslate":24,"minecraft:purple_candle":4,"minecraft:light_blue_banner":2,"minecraft:stone_brick_slab":1,"minecraft:dark_prismarine":1,"minecraft:honeycomb":89,"minecraft:cyan_terracotta":27,"minecraft:sea_lantern":13,"minecraft:end_rod":56,"minecraft:end_stone_bricks":6,"minecraft:iron_bars":24,"minecraft:bamboo_fence":22,"minecraft:light_blue_glazed_terracotta":3,"minecraft:pink_glazed_terracotta":1,"minecraft:villager_spawn_egg":7,"minecraft:flint_and_steel":1,"minecraft:prismarine_brick_slab":4,"minecraft:light_gray_concrete":1,"minecraft:mangrove_planks":41,"minecraft:smooth_sandstone":3,"minecraft:red_concrete":4,"minecraft:powered_rail":19,"minecraft:string":3,"minecraft:polished_blackstone":50,"minecraft:carrot_on_a_stick":19,"minecraft:pig_spawn_egg":1,"minecraft:oak_sign":2,"minecraft:copper_block":85,"minecraft:light_blue_terracotta":5,"minecraft:detector_rail":2,"minecraft:magenta_concrete":4,"minecraft:purple_glazed_terracotta":6,"minecraft:tinted_glass":12,"minecraft:sandstone":3,"minecraft:black_glazed_terracotta":1,"minecraft:deepslate":26,"minecraft:sheep_spawn_egg":1,"minecraft:clay":1,"minecraft:barrel":17,"minecraft:stone_brick_stairs":49,"minecraft:stripped_mangrove_log":11,"minecraft:netherrack":8,"minecraft:smooth_basalt":11,"minecraft:green_glazed_terracotta":20,"minecraft:cut_copper_stairs":73,"minecraft:oxidized_cut_copper":10,"minecraft:exposed_cut_copper_stairs":1,"minecraft:green_shulker_box":8,"minecraft:mossy_cobblestone":32,"minecraft:rail":1,"minecraft:anvil":6,"minecraft:light_blue_concrete":4,"minecraft:cut_copper":50,"minecraft:exposed_cut_copper":2,"minecraft:oxidized_cut_copper_stairs":29,"minecraft:smithing_table":5,"minecraft:acacia_wood":54,"minecraft:prismarine_brick_stairs":2,"minecraft:acacia_fence":32,"minecraft:netherite_pickaxe":20,"minecraft:yellow_concrete":4,"minecraft:gold_block":5,"minecraft:jungle_trapdoor":5,"minecraft:light_blue_stained_glass":4,"minecraft:cake":1,"minecraft:birch_stairs":1}},"DataVersion":3578}