{"stats":{"minecraft:mined":{"minecraft:cobblestone":140},"minecraft:used":{"minecraft:light_blue_carpet":2,"minecraft:moss_block":4,"minecraft:quartz_bricks":13,"minecraft:trident":4,"minecraft:nether_brick_fence":2,"minecraft:water_bucket":10,"minecraft:end_rod":16,"minecraft:polished_deepslate":406,"minecraft:lodestone":26,"minecraft:smooth_quartz_slab":2,"minecraft:birch_planks":7,"minecraft:red_concrete":36,"minecraft:redstone":430,"minecraft:carrot_on_a_stick":443,"minecraft:oak_sign":4,"minecraft:light_blue_terracotta":1,"minecraft:black_carpet":68,"minecraft:tinted_glass":52,"minecraft:sandstone":1,"minecraft:stone":478,"minecraft:quartz_stairs":30,"minecraft:smooth_sandstone_stairs":1,"minecraft:debug_stick":565,"minecraft:rail":2,"minecraft:anvil":1,"minecraft:terracotta":6,"minecraft:white_carpet":1,"minecraft:light_blue_concrete":37,"minecraft:tnt":135,"minecraft:prismarine_bricks":49,"minecraft:nether_bricks":2,"minecraft:blast_furnace":6,"minecraft:yellow_concrete":36,"minecraft:yellow_carpet":11,"minecraft:oak_wood":1,"minecraft:chiseled_quartz_block":2,"minecraft:purple_terracotta":1,"minecraft:jungle_trapdoor":2,"minecraft:painting":13,"minecraft:light_blue_stained_glass":16,"minecraft:milk_bucket":3,"minecraft:cyan_stained_glass":2,"minecraft:birch_fence":4,"minecraft:redstone_torch":18,"minecraft:black_wool":53,"minecraft:glass":44,"minecraft:stone_brick_slab":107,"minecraft:netherite_block":4,"minecraft:waxed_oxidized_copper":9,"minecraft:lever":28,"minecraft:cyan_terracotta":22,"minecraft:sea_lantern":243,"minecraft:black_concrete":132,"minecraft:bamboo_fence":1,"minecraft:quartz_pillar":2,"minecraft:heavy_weighted_pressure_plate":3,"minecraft:quartz_slab":18,"minecraft:light_gray_concrete":4,"minecraft:command_block":43,"minecraft:birch_slab":1,"minecraft:yellow_stained_glass":4,"minecraft:map":4,"minecraft:cyan_carpet":3,"minecraft:barrier":1,"minecraft:oak_button":1,"minecraft:verdant_froglight":2,"minecraft:polished_andesite_stairs":1,"minecraft:stone_button":11,"minecraft:spore_blossom":2,"minecraft:magenta_concrete":38,"minecraft:stone_brick_stairs":226,"minecraft:polished_andesite_slab":2,"minecraft:item_frame":2,"minecraft:pink_petals":12,"minecraft:repeater":388,"minecraft:redstone_lamp":261,"minecraft:black_stained_glass":70,"minecraft:cyan_stained_glass_pane":24,"minecraft:lime_stained_glass":3,"minecraft:turtle_helmet":1,"minecraft:lapis_block":15,"minecraft:chain_command_block":5,"minecraft:bucket":12,"minecraft:waxed_oxidized_cut_copper_stairs":20,"minecraft:netherite_pickaxe":140,"minecraft:minecart":2,"minecraft:smooth_stone_slab":121,"minecraft:sea_pickle":3,"minecraft:observer":133,"minecraft:smooth_stone":4,"minecraft:splash_potion":25},"minecraft:custom":{"minecraft:interact_with_smithing_table":3,"minecraft:mob_kills":2,"minecraft:interact_with_anvil":1,"minecraft:tune_noteblock":22,"minecraft:open_shulker_box":171,"minecraft:interact_with_grindstone":1,"minecraft:leave_game":7,"minecraft:time_since_death":55121,"minecraft:time_since_rest":55162,"minecraft:sprint_one_cm":646542,"minecraft:damage_taken":24470,"minecraft:walk_one_cm":3487105,"minecraft:drop":283,"minecraft:fly_one_cm":1782876,"minecraft:open_chest":59,"minecraft:crouch_one_cm":22304,"minecraft:play_time":574051,"minecraft:deaths":8,"minecraft:sneak_time":7660,"minecraft:boat_one_cm":9545,"minecraft:jump":680,"minecraft:walk_on_water_one_cm":2094,"minecraft:total_world_time":574051,"minecraft:fall_one_cm":235311,"minecraft:inspect_dispenser":3},"minecraft:dropped":{"minecraft:anvil":1,"minecraft:tnt":1,"minecraft:barrier":1,"minecraft:purpur_stairs":2,"minecraft:carrot_on_a_stick":256,"minecraft:cobblestone_slab":1,"minecraft:filled_map":12,"minecraft:sea_lantern":1,"minecraft:birch_fence":3,"minecraft:polished_diorite_stairs":1,"minecraft:quartz_stairs":1,"minecraft:map":1,"minecraft:chain_command_block":1,"minecraft:prismarine_slab":1,"minecraft:stone_brick_stairs":1,"minecraft:cyan_carpet":1,"minecraft:quartz_slab":1},"minecraft:killed":{"minecraft:sheep":2}},"DataVersion":3578}