{"stats":{"minecraft:dropped":{"minecraft:anvil":1,"minecraft:barrier":1,"minecraft:purpur_stairs":2,"minecraft:carrot_on_a_stick":2,"minecraft:filled_map":4,"minecraft:cobblestone_slab":1,"minecraft:sea_lantern":1,"minecraft:birch_fence":3,"minecraft:polished_diorite_stairs":1,"minecraft:quartz_stairs":1,"minecraft:map":1,"minecraft:prismarine_slab":1,"minecraft:stone_brick_stairs":1,"minecraft:cyan_carpet":1,"minecraft:quartz_slab":1},"minecraft:mined":{"minecraft:cobblestone":40},"minecraft:killed":{"minecraft:sheep":2},"minecraft:custom":{"minecraft:interact_with_smithing_table":3,"minecraft:interact_with_anvil":1,"minecraft:mob_kills":2,"minecraft:open_shulker_box":75,"minecraft:interact_with_grindstone":1,"minecraft:leave_game":2,"minecraft:time_since_death":50075,"minecraft:time_since_rest":50103,"minecraft:sprint_one_cm":335651,"minecraft:damage_taken":20,"minecraft:walk_one_cm":1092058,"minecraft:drop":19,"minecraft:fly_one_cm":814441,"minecraft:open_chest":17,"minecraft:crouch_one_cm":9521,"minecraft:play_time":209516,"minecraft:deaths":3,"minecraft:sneak_time":3410,"minecraft:boat_one_cm":9545,"minecraft:jump":317,"minecraft:walk_on_water_one_cm":2057,"minecraft:total_world_time":209516,"minecraft:fall_one_cm":1660,"minecraft:inspect_dispenser":1},"minecraft:used":{"minecraft:light_blue_carpet":2,"minecraft:quartz_bricks":11,"minecraft:trident":4,"minecraft:nether_brick_fence":1,"minecraft:water_bucket":6,"minecraft:end_rod":6,"minecraft:polished_deepslate":1,"minecraft:lodestone":26,"minecraft:birch_planks":7,"minecraft:red_concrete":6,"minecraft:redstone":117,"minecraft:carrot_on_a_stick":206,"minecraft:oak_sign":4,"minecraft:light_blue_terracotta":1,"minecraft:black_carpet":68,"minecraft:tinted_glass":10,"minecraft:quartz_stairs":30,"minecraft:rail":2,"minecraft:anvil":1,"minecraft:terracotta":6,"minecraft:light_blue_concrete":6,"minecraft:white_carpet":1,"minecraft:prismarine_bricks":49,"minecraft:blast_furnace":4,"minecraft:yellow_concrete":6,"minecraft:yellow_carpet":11,"minecraft:purple_terracotta":1,"minecraft:painting":13,"minecraft:jungle_trapdoor":2,"minecraft:light_blue_stained_glass":16,"minecraft:milk_bucket":3,"minecraft:cyan_stained_glass":2,"minecraft:birch_fence":4,"minecraft:redstone_torch":4,"minecraft:glass":6,"minecraft:netherite_block":4,"minecraft:stone_brick_slab":105,"minecraft:waxed_oxidized_copper":9,"minecraft:lever":3,"minecraft:black_wool":53,"minecraft:sea_lantern":188,"minecraft:cyan_terracotta":22,"minecraft:bamboo_fence":1,"minecraft:quartz_slab":18,"minecraft:light_gray_concrete":2,"minecraft:birch_slab":1,"minecraft:heavy_weighted_pressure_plate":3,"minecraft:cyan_carpet":3,"minecraft:barrier":1,"minecraft:polished_andesite_stairs":1,"minecraft:stone_button":8,"minecraft:map":4,"minecraft:magenta_concrete":6,"minecraft:stone_brick_stairs":226,"minecraft:polished_andesite_slab":2,"minecraft:item_frame":2,"minecraft:repeater":8,"minecraft:redstone_lamp":101,"minecraft:black_stained_glass":70,"minecraft:cyan_stained_glass_pane":24,"minecraft:turtle_helmet":1,"minecraft:lime_stained_glass":3,"minecraft:bucket":2,"minecraft:waxed_oxidized_cut_copper_stairs":20,"minecraft:minecart":2,"minecraft:netherite_pickaxe":40,"minecraft:lapis_block":15,"minecraft:smooth_stone_slab":121,"minecraft:sea_pickle":3,"minecraft:smooth_stone":4,"minecraft:splash_potion":25}},"DataVersion":3578}