{"stats":{"minecraft:mined":{"minecraft:cobblestone":130},"minecraft:used":{"minecraft:waxed_copper_block":1,"minecraft:water_bucket":2,"minecraft:sea_lantern":1,"minecraft:terracotta":3,"minecraft:light_blue_concrete":12,"minecraft:yellow_glazed_terracotta":5,"minecraft:red_concrete":12,"minecraft:orange_glazed_terracotta":5,"minecraft:netherite_pickaxe":130,"minecraft:carrot_on_a_stick":272,"minecraft:light_gray_terracotta":4,"minecraft:bucket":2,"minecraft:yellow_concrete":12,"minecraft:magenta_glazed_terracotta":5,"minecraft:magenta_concrete":12,"minecraft:red_glazed_terracotta":5},"minecraft:dropped":{"minecraft:crimson_stem":1,"minecraft:carrot_on_a_stick":1,"minecraft:yellow_glazed_terracotta":1},"minecraft:custom":{"minecraft:open_barrel":30,"minecraft:time_since_rest":32375,"minecraft:open_chest":94,"minecraft:crouch_one_cm":19697,"minecraft:open_shulker_box":300,"minecraft:play_time":231989,"minecraft:sprint_one_cm":9482,"minecraft:deaths":5,"minecraft:damage_taken":66540,"minecraft:walk_one_cm":1598864,"minecraft:sneak_time":6376,"minecraft:drop":3,"minecraft:jump":10,"minecraft:leave_game":4,"minecraft:time_since_death":32329,"minecraft:total_world_time":231989,"minecraft:fly_one_cm":112879,"minecraft:fall_one_cm":628506,"minecraft:tune_noteblock":53,"minecraft:inspect_dispenser":15}},"DataVersion":3578}