{"stats":{"minecraft:mined":{"minecraft:cobblestone":10},"minecraft:used":{"minecraft:carrot_on_a_stick":369,"minecraft:netherite_pickaxe":10,"minecraft:yellow_concrete":6,"minecraft:magenta_concrete":6,"minecraft:light_blue_concrete":6,"minecraft:red_concrete":7},"minecraft:custom":{"minecraft:jump":2,"minecraft:open_chest":37,"minecraft:time_since_rest":118909,"minecraft:leave_game":5,"minecraft:crouch_one_cm":30445,"minecraft:sprint_one_cm":141,"minecraft:play_time":118909,"minecraft:open_shulker_box":65,"minecraft:time_since_death":118909,"minecraft:walk_one_cm":703993,"minecraft:sneak_time":5234,"minecraft:total_world_time":118909,"minecraft:drop":62,"minecraft:fly_one_cm":10462,"minecraft:inspect_dispenser":18},"minecraft:dropped":{"minecraft:carrot_on_a_stick":55,"minecraft:filled_map":7}},"DataVersion":3578}