{"stats":{"minecraft:crafted":{"minecraft:filled_map":9},"minecraft:picked_up":{"minecraft:birch_log":60,"minecraft:light_blue_concrete":3,"minecraft:carrot_on_a_stick":20,"minecraft:brown_concrete":1,"minecraft:oak_log":134,"minecraft:blue_concrete":3,"minecraft:orange_concrete":1,"minecraft:sea_pickle":7,"minecraft:bucket":1,"minecraft:redstone_torch":1,"minecraft:cyan_concrete":1,"minecraft:egg":1,"minecraft:blue_wool":1,"minecraft:stone":1,"minecraft:yellow_concrete":1,"minecraft:lime_concrete":3,"minecraft:red_wool":1,"minecraft:stone_button":2,"minecraft:warped_button":1,"minecraft:redstone":3,"minecraft:sea_lantern":1,"minecraft:repeating_command_block":1,"minecraft:green_concrete":1,"minecraft:red_concrete":3,"minecraft:white_wool":18},"minecraft:dropped":{"minecraft:red_concrete":1,"minecraft:repeating_command_block":3,"minecraft:yellow_concrete":1,"minecraft:blue_wool":1,"minecraft:red_wool":1,"minecraft:magenta_concrete":1,"minecraft:light_blue_concrete":1,"minecraft:carrot_on_a_stick":61,"minecraft:filled_map":2,"minecraft:sea_lantern":2,"minecraft:stone":1,"minecraft:stone_button":1,"minecraft:bucket":1,"minecraft:white_wool":1},"minecraft:mined":{"minecraft:cobblestone":40},"minecraft:used":{"minecraft:crimson_hanging_sign":1,"minecraft:light_blue_carpet":2,"minecraft:nether_brick_fence":31,"minecraft:water_bucket":23,"minecraft:iron_bars":4,"minecraft:lodestone":25,"minecraft:pink_glazed_terracotta":12,"minecraft:polished_deepslate":4,"minecraft:dropper":1,"minecraft:dispenser":11,"minecraft:carved_pumpkin":3,"minecraft:birch_planks":1,"minecraft:polished_andesite":1,"minecraft:red_concrete":114,"minecraft:carrot_on_a_stick":2187,"minecraft:redstone":181,"minecraft:powered_rail":19,"minecraft:oak_sign":97,"minecraft:blue_wool":5,"minecraft:light_blue_terracotta":20,"minecraft:lime_concrete_powder":9,"minecraft:chest":9,"minecraft:spruce_planks":1,"minecraft:tinted_glass":65,"minecraft:sandstone":45,"minecraft:stone":72,"minecraft:redstone_block":52,"minecraft:blue_concrete_powder":1,"minecraft:quartz_stairs":3,"minecraft:red_glazed_terracotta":14,"minecraft:cobblestone_slab":1,"minecraft:player_head":1,"minecraft:green_terracotta":44,"minecraft:waxed_copper_block":1,"minecraft:debug_stick":61,"minecraft:waxed_exposed_copper":4,"minecraft:anvil":2,"minecraft:sand":2,"minecraft:comparator":8,"minecraft:terracotta":3,"minecraft:lime_terracotta":8,"minecraft:target":1,"minecraft:light_blue_concrete":196,"minecraft:crafting_table":6,"minecraft:lime_stained_glass_pane":24,"minecraft:hopper":1,"minecraft:light_gray_glazed_terracotta":10,"minecraft:prismarine_brick_stairs":5,"minecraft:light_gray_terracotta":47,"minecraft:stone_stairs":2,"minecraft:yellow_concrete":118,"minecraft:yellow_carpet":30,"minecraft:pink_terracotta":12,"minecraft:purple_terracotta":1,"minecraft:stone_brick_wall":1,"minecraft:acacia_button":5,"minecraft:gray_concrete":1,"minecraft:blue_concrete":953,"minecraft:deepslate_brick_stairs":47,"minecraft:glass":16,"minecraft:black_concrete":19,"minecraft:redstone_torch":23,"minecraft:sticky_piston":20,"minecraft:dark_prismarine":1,"minecraft:blue_glazed_terracotta":61,"minecraft:piston":4,"minecraft:stone_brick_slab":37,"minecraft:lever":19,"minecraft:green_concrete":25,"minecraft:acacia_stairs":1,"minecraft:sea_lantern":154,"minecraft:cyan_terracotta":49,"minecraft:lava_bucket":7,"minecraft:light_gray_concrete":166,"minecraft:command_block":164,"minecraft:red_wool":19,"minecraft:iron_block":1,"minecraft:barrier":95,"minecraft:map":28,"minecraft:stone_button":110,"minecraft:smooth_sandstone":1,"minecraft:polished_andesite_stairs":12,"minecraft:jungle_log":4,"minecraft:magenta_concrete":97,"minecraft:red_terracotta":4,"minecraft:stone_brick_stairs":46,"minecraft:stone_bricks":50,"minecraft:item_frame":1,"minecraft:chiseled_stone_bricks":3,"minecraft:glowstone":15,"minecraft:basalt":5,"minecraft:reinforced_deepslate":2,"minecraft:fishing_rod":2,"minecraft:repeater":184,"minecraft:redstone_lamp":26,"minecraft:lime_concrete":6,"minecraft:black_stained_glass":5,"minecraft:iron_trapdoor":24,"minecraft:chain_command_block":141,"minecraft:acacia_fence":31,"minecraft:smithing_table":5,"minecraft:birch_log":4,"minecraft:warped_fence_gate":2,"minecraft:netherite_pickaxe":40,"minecraft:bucket":19,"minecraft:andesite":4,"minecraft:polished_blackstone_button":19,"minecraft:end_portal_frame":2,"minecraft:repeating_command_block":88,"minecraft:smooth_stone_slab":4,"minecraft:sea_pickle":4,"minecraft:waxed_cut_copper_stairs":3,"minecraft:white_concrete":154,"minecraft:cooked_beef":3,"minecraft:warped_button":3,"minecraft:observer":91,"minecraft:smooth_stone":53,"minecraft:brown_concrete_powder":29},"minecraft:custom":{"minecraft:interact_with_smithing_table":8,"minecraft:inspect_dropper":12,"minecraft:interact_with_anvil":8,"minecraft:inspect_hopper":4,"minecraft:interact_with_crafting_table":14,"minecraft:open_barrel":1,"minecraft:open_shulker_box":20,"minecraft:leave_game":111,"minecraft:time_since_death":678890,"minecraft:time_since_rest":678912,"minecraft:damage_taken":500,"minecraft:sprint_one_cm":5186964,"minecraft:walk_one_cm":4831302,"minecraft:drop":78,"minecraft:damage_dealt":40,"minecraft:fly_one_cm":17174755,"minecraft:open_chest":361,"minecraft:crouch_one_cm":206953,"minecraft:play_time":8630197,"minecraft:deaths":2,"minecraft:sneak_time":116922,"minecraft:jump":24941,"minecraft:walk_on_water_one_cm":1534,"minecraft:total_world_time":8630215,"minecraft:fall_one_cm":6594,"minecraft:inspect_dispenser":7}},"DataVersion":3578}