{"stats":{"minecraft:used":{"minecraft:nether_brick_fence":34,"minecraft:blue_terracotta":1,"minecraft:iron_bars":4,"minecraft:acacia_log":13,"minecraft:polished_deepslate":25,"minecraft:smooth_quartz_slab":10,"minecraft:carved_pumpkin":3,"minecraft:dispenser":16,"minecraft:red_concrete":152,"minecraft:polished_blackstone":6,"minecraft:redstone":208,"minecraft:carrot_on_a_stick":3035,"minecraft:oak_sign":121,"minecraft:light_blue_terracotta":32,"minecraft:polished_basalt":11,"minecraft:spruce_planks":1,"minecraft:chest":10,"minecraft:tinted_glass":104,"minecraft:stone":81,"minecraft:quartz_stairs":3,"minecraft:mangrove_hanging_sign":12,"minecraft:player_head":26,"minecraft:waxed_weathered_cut_copper_stairs":9,"minecraft:green_terracotta":44,"minecraft:debug_stick":267,"minecraft:green_glazed_terracotta":12,"minecraft:anvil":2,"minecraft:target":1,"minecraft:light_blue_dye":1,"minecraft:hopper":1,"minecraft:prismarine_bricks":4,"minecraft:orange_glazed_terracotta":73,"minecraft:jungle_planks":2,"minecraft:nether_bricks":62,"minecraft:prismarine_brick_stairs":5,"minecraft:light_gray_glazed_terracotta":10,"minecraft:oak_wood":12,"minecraft:deepslate_brick_slab":18,"minecraft:stone_stairs":2,"minecraft:pink_terracotta":22,"minecraft:yellow_carpet":30,"minecraft:acacia_button":8,"minecraft:blue_concrete":1011,"minecraft:light_blue_stained_glass":23,"minecraft:stripped_spruce_log":1,"minecraft:glass":23,"minecraft:stone_brick_slab":40,"minecraft:sea_lantern":209,"minecraft:cyan_terracotta":67,"minecraft:lava_bucket":7,"minecraft:quartz_pillar":66,"minecraft:iron_block":3,"minecraft:red_wool":22,"minecraft:waxed_cut_copper":3,"minecraft:yellow_stained_glass":8,"minecraft:lantern":2,"minecraft:iron_axe":18,"minecraft:jungle_log":23,"minecraft:smooth_sandstone":2,"minecraft:polished_andesite_stairs":13,"minecraft:quartz_block":217,"minecraft:smooth_quartz":1,"minecraft:waxed_weathered_cut_copper":5,"minecraft:crimson_planks":2,"minecraft:stone_brick_stairs":63,"minecraft:prismarine_slab":2,"minecraft:stone_bricks":63,"minecraft:item_frame":1,"minecraft:repeater":194,"minecraft:basalt":11,"minecraft:birch_button":8,"minecraft:reinforced_deepslate":19,"minecraft:glowstone":44,"minecraft:red_carpet":76,"minecraft:redstone_lamp":35,"minecraft:lime_concrete":6,"minecraft:black_stained_glass":5,"minecraft:magenta_wool":2,"minecraft:gray_glazed_terracotta":2,"minecraft:iron_trapdoor":26,"minecraft:yellow_glazed_terracotta":68,"minecraft:deepslate_tile_stairs":1,"minecraft:white_stained_glass_pane":5,"minecraft:netherite_pickaxe":403,"minecraft:acacia_fence":39,"minecraft:acacia_wood":10,"minecraft:gold_block":1,"minecraft:end_stone_brick_stairs":2,"minecraft:cooked_beef":3,"minecraft:red_dye":5,"minecraft:observer":107,"minecraft:brown_concrete_powder":29,"minecraft:crimson_hanging_sign":1,"minecraft:light_blue_carpet":2,"minecraft:deepslate_brick_wall":1,"minecraft:water_bucket":33,"minecraft:end_rod":2,"minecraft:end_stone_bricks":1,"minecraft:light_blue_glazed_terracotta":2,"minecraft:pink_glazed_terracotta":12,"minecraft:lodestone":25,"minecraft:dropper":1,"minecraft:birch_planks":1,"minecraft:polished_andesite":7,"minecraft:gray_carpet":1,"minecraft:powered_rail":19,"minecraft:prismarine":1,"minecraft:lime_wool":36,"minecraft:blue_wool":5,"minecraft:blackstone":1,"minecraft:lime_concrete_powder":9,"minecraft:sandstone":54,"minecraft:purple_glazed_terracotta":7,"minecraft:redstone_block":101,"minecraft:blue_concrete_powder":1,"minecraft:end_stone_brick_slab":15,"minecraft:glow_ink_sac":38,"minecraft:chiseled_nether_bricks":3,"minecraft:red_glazed_terracotta":78,"minecraft:cobblestone_slab":1,"minecraft:waxed_copper_block":8,"minecraft:smooth_quartz_stairs":111,"minecraft:waxed_exposed_copper":12,"minecraft:dark_oak_trapdoor":3,"minecraft:sand":2,"minecraft:blue_dye":1,"minecraft:purpur_stairs":3,"minecraft:lime_terracotta":8,"minecraft:terracotta":6,"minecraft:comparator":8,"minecraft:acacia_hanging_sign":10,"minecraft:light_blue_concrete":235,"minecraft:dark_prismarine_slab":8,"minecraft:lime_stained_glass_pane":24,"minecraft:crafting_table":6,"minecraft:birch_sign":47,"minecraft:light_gray_terracotta":54,"minecraft:yellow_concrete":150,"minecraft:cyan_dye":23,"minecraft:purple_terracotta":4,"minecraft:stone_brick_wall":1,"minecraft:gray_concrete":3,"minecraft:painting":7,"minecraft:spruce_log":102,"minecraft:deepslate_brick_stairs":53,"minecraft:redstone_torch":30,"minecraft:black_concrete":119,"minecraft:sticky_piston":22,"minecraft:dark_prismarine":3,"minecraft:netherite_block":7,"minecraft:blue_glazed_terracotta":61,"minecraft:piston":4,"minecraft:lever":30,"minecraft:green_concrete":25,"minecraft:yellow_dye":3,"minecraft:light":157,"minecraft:acacia_stairs":2,"minecraft:black_wool":13,"minecraft:acacia_sign":4,"minecraft:command_block":248,"minecraft:light_gray_concrete":180,"minecraft:heavy_weighted_pressure_plate":3,"minecraft:barrier":282,"minecraft:stone_button":149,"minecraft:map":28,"minecraft:magenta_concrete":132,"minecraft:stone_slab":6,"minecraft:red_terracotta":4,"minecraft:spruce_trapdoor":2,"minecraft:iron_door":3,"minecraft:purple_dye":6,"minecraft:soul_lantern":2,"minecraft:acacia_fence_gate":1,"minecraft:chiseled_stone_bricks":4,"minecraft:green_shulker_box":7,"minecraft:fishing_rod":2,"minecraft:coal_block":1,"minecraft:cobbled_deepslate_slab":6,"minecraft:chain_command_block":154,"minecraft:waxed_oxidized_cut_copper_stairs":2,"minecraft:smithing_table":5,"minecraft:birch_log":22,"minecraft:warped_fence_gate":2,"minecraft:andesite":7,"minecraft:lapis_block":15,"minecraft:bucket":31,"minecraft:polished_blackstone_button":19,"minecraft:smooth_stone_slab":19,"minecraft:magenta_glazed_terracotta":63,"minecraft:repeating_command_block":103,"minecraft:waxed_cut_copper_stairs":4,"minecraft:end_portal_frame":2,"minecraft:sea_pickle":14,"minecraft:white_concrete":198,"minecraft:warped_button":3,"minecraft:gray_wool":27,"minecraft:smooth_stone":128},"minecraft:custom":{"minecraft:interact_with_smithing_table":9,"minecraft:inspect_dropper":12,"minecraft:interact_with_anvil":8,"minecraft:inspect_hopper":4,"minecraft:interact_with_crafting_table":14,"minecraft:open_barrel":89,"minecraft:open_shulker_box":72,"minecraft:leave_game":153,"minecraft:time_since_death":521879,"minecraft:sprint_one_cm":8002513,"minecraft:walk_one_cm":12158125,"minecraft:drop":139,"minecraft:play_time":11691081,"minecraft:deaths":6,"minecraft:sneak_time":184461,"minecraft:jump":26436,"minecraft:interact_with_blast_furnace":15,"minecraft:walk_on_water_one_cm":2258,"minecraft:total_world_time":11691099,"minecraft:interact_with_furnace":2,"minecraft:time_since_rest":521901,"minecraft:damage_taken":580,"minecraft:damage_dealt":40,"minecraft:fly_one_cm":28758013,"minecraft:open_chest":542,"minecraft:crouch_one_cm":367607,"minecraft:fall_one_cm":9477,"minecraft:inspect_dispenser":23},"minecraft:dropped":{"minecraft:repeating_command_block":4,"minecraft:netherite_pickaxe":1,"minecraft:yellow_concrete":1,"minecraft:end_stone_brick_slab":1,"minecraft:red_wool":1,"minecraft:carrot_on_a_stick":104,"minecraft:red_carpet":1,"minecraft:orange_glazed_terracotta":1,"minecraft:stone_button":1,"minecraft:dark_oak_trapdoor":1,"minecraft:wooden_axe":1,"minecraft:yellow_glazed_terracotta":1,"minecraft:magenta_glazed_terracotta":1,"minecraft:bucket":2,"minecraft:white_wool":1,"minecraft:red_glazed_terracotta":1,"minecraft:red_concrete":1,"minecraft:blue_wool":1,"minecraft:light_gray_concrete":1,"minecraft:magenta_concrete":1,"minecraft:light_blue_concrete":1,"minecraft:filled_map":5,"minecraft:sea_lantern":2,"minecraft:stone":1,"minecraft:glowstone":1,"minecraft:stone_bricks":1,"minecraft:glass":1},"minecraft:picked_up":{"minecraft:light_blue_concrete":3,"minecraft:blue_concrete":3,"minecraft:orange_concrete":1,"minecraft:sea_pickle":7,"minecraft:bucket":1,"minecraft:redstone_torch":1,"minecraft:egg":1,"minecraft:blue_wool":1,"minecraft:stone":1,"minecraft:stone_button":2,"minecraft:warped_button":1,"minecraft:redstone":3,"minecraft:repeating_command_block":1,"minecraft:white_wool":18,"minecraft:birch_log":60,"minecraft:carrot_on_a_stick":20,"minecraft:brown_concrete":1,"minecraft:oak_log":134,"minecraft:cyan_concrete":1,"minecraft:yellow_concrete":1,"minecraft:red_wool":1,"minecraft:lime_concrete":3,"minecraft:sea_lantern":1,"minecraft:green_concrete":1,"minecraft:red_concrete":3},"minecraft:mined":{"minecraft:orange_glazed_terracotta":5,"minecraft:cobblestone":398},"minecraft:crafted":{"minecraft:filled_map":9}},"DataVersion":3578}