{"stats":{"minecraft:used":{"minecraft:chiseled_polished_blackstone":31,"minecraft:nether_brick_fence":2,"minecraft:water_bucket":8,"minecraft:blue_terracotta":38,"minecraft:polished_deepslate":98,"minecraft:polished_andesite":23,"minecraft:red_concrete":46,"minecraft:redstone":73,"minecraft:dispenser":5,"minecraft:polished_blackstone":30,"minecraft:carrot_on_a_stick":834,"minecraft:blackstone":25,"minecraft:oak_sign":1,"minecraft:blue_wool":16,"minecraft:light_blue_terracotta":46,"minecraft:polished_basalt":64,"minecraft:lime_concrete_powder":9,"minecraft:chest":4,"minecraft:tinted_glass":4,"minecraft:sandstone":1,"minecraft:stone":90,"minecraft:redstone_block":13,"minecraft:quartz_stairs":5,"minecraft:red_glazed_terracotta":1,"minecraft:green_terracotta":1,"minecraft:lime_terracotta":1,"minecraft:purpur_stairs":26,"minecraft:target":1,"minecraft:stripped_dark_oak_log":22,"minecraft:light_blue_concrete":80,"minecraft:lime_stained_glass_pane":1,"minecraft:yellow_carpet":89,"minecraft:orange_glazed_terracotta":1,"minecraft:jungle_planks":1,"minecraft:nether_bricks":2,"minecraft:prismarine_brick_stairs":15,"minecraft:light_gray_terracotta":4,"minecraft:yellow_concrete":53,"minecraft:stone_stairs":9,"minecraft:shulker_box":2,"minecraft:pink_terracotta":51,"minecraft:light_gray_concrete_powder":185,"minecraft:acacia_button":1,"minecraft:gray_concrete":2,"minecraft:jungle_trapdoor":4,"minecraft:light_blue_stained_glass":8,"minecraft:blue_concrete":242,"minecraft:polished_diorite":6,"minecraft:redstone_torch":22,"minecraft:cyan_terracotta":1,"minecraft:dark_prismarine":88,"minecraft:lever":82,"minecraft:sea_lantern":68,"minecraft:acacia_stairs":2,"minecraft:black_concrete":28,"minecraft:birch_fence_gate":3,"minecraft:command_block":74,"minecraft:light_gray_concrete":48,"minecraft:barrier":5,"minecraft:map":25,"minecraft:smooth_sandstone":7,"minecraft:stone_button":74,"minecraft:green_wool":32,"minecraft:magenta_concrete":45,"minecraft:stone_slab":6,"minecraft:purpur_slab":11,"minecraft:polished_granite":2,"minecraft:chiseled_stone_bricks":13,"minecraft:green_shulker_box":40,"minecraft:glowstone":7,"minecraft:repeater":95,"minecraft:redstone_lamp":78,"minecraft:cobblestone":68,"minecraft:iron_trapdoor":8,"minecraft:yellow_glazed_terracotta":1,"minecraft:furnace":1,"minecraft:chain_command_block":88,"minecraft:netherite_pickaxe":47,"minecraft:bucket":10,"minecraft:andesite":3,"minecraft:acacia_wood":5,"minecraft:magenta_glazed_terracotta":1,"minecraft:repeating_command_block":74,"minecraft:sea_pickle":10,"minecraft:stone_pressure_plate":4,"minecraft:white_concrete":478,"minecraft:cooked_beef":25,"minecraft:observer":23,"minecraft:smooth_stone":14},"minecraft:dropped":{"minecraft:carrot_on_a_stick":3,"minecraft:filled_map":1,"minecraft:white_wool":1},"minecraft:mined":{"minecraft:cobblestone":47},"minecraft:custom":{"minecraft:interact_with_furnace":2,"minecraft:tune_noteblock":10,"minecraft:open_barrel":14,"minecraft:open_shulker_box":89,"minecraft:leave_game":68,"minecraft:time_since_death":508972,"minecraft:time_since_rest":585558,"minecraft:sprint_one_cm":1361333,"minecraft:damage_taken":26750,"minecraft:walk_one_cm":3720038,"minecraft:drop":5,"minecraft:fly_one_cm":7090966,"minecraft:open_chest":161,"minecraft:crouch_one_cm":108819,"minecraft:play_time":8199101,"minecraft:deaths":8,"minecraft:sneak_time":45997,"minecraft:jump":4489,"minecraft:total_world_time":8199101,"minecraft:fall_one_cm":270601,"minecraft:inspect_dispenser":24},"minecraft:picked_up":{"minecraft:carrot_on_a_stick":1,"minecraft:lever":4}},"DataVersion":3578}