{"stats":{"minecraft:picked_up":{"minecraft:carrot_on_a_stick":1,"minecraft:lever":4},"minecraft:dropped":{"minecraft:filled_map":1,"minecraft:white_wool":1},"minecraft:mined":{"minecraft:cobblestone":27},"minecraft:used":{"minecraft:chiseled_polished_blackstone":31,"minecraft:nether_brick_fence":2,"minecraft:water_bucket":6,"minecraft:blue_terracotta":38,"minecraft:polished_deepslate":98,"minecraft:redstone":73,"minecraft:red_concrete":42,"minecraft:polished_blackstone":30,"minecraft:dispenser":5,"minecraft:polished_andesite":23,"minecraft:carrot_on_a_stick":665,"minecraft:blackstone":25,"minecraft:oak_sign":1,"minecraft:blue_wool":16,"minecraft:light_blue_terracotta":46,"minecraft:polished_basalt":64,"minecraft:lime_concrete_powder":9,"minecraft:chest":4,"minecraft:tinted_glass":4,"minecraft:sandstone":1,"minecraft:stone":90,"minecraft:redstone_block":13,"minecraft:quartz_stairs":5,"minecraft:green_terracotta":1,"minecraft:lime_terracotta":1,"minecraft:purpur_stairs":26,"minecraft:target":1,"minecraft:stripped_dark_oak_log":22,"minecraft:light_blue_concrete":76,"minecraft:lime_stained_glass_pane":1,"minecraft:yellow_carpet":89,"minecraft:jungle_planks":1,"minecraft:nether_bricks":2,"minecraft:prismarine_brick_stairs":15,"minecraft:light_gray_terracotta":4,"minecraft:yellow_concrete":49,"minecraft:stone_stairs":9,"minecraft:shulker_box":2,"minecraft:pink_terracotta":51,"minecraft:light_gray_concrete_powder":185,"minecraft:acacia_button":1,"minecraft:gray_concrete":2,"minecraft:jungle_trapdoor":4,"minecraft:light_blue_stained_glass":8,"minecraft:blue_concrete":242,"minecraft:polished_diorite":6,"minecraft:redstone_torch":22,"minecraft:cyan_terracotta":1,"minecraft:dark_prismarine":88,"minecraft:lever":82,"minecraft:sea_lantern":68,"minecraft:acacia_stairs":2,"minecraft:black_concrete":28,"minecraft:birch_fence_gate":3,"minecraft:command_block":74,"minecraft:light_gray_concrete":48,"minecraft:barrier":5,"minecraft:map":25,"minecraft:smooth_sandstone":7,"minecraft:stone_button":74,"minecraft:green_wool":32,"minecraft:magenta_concrete":41,"minecraft:stone_slab":6,"minecraft:purpur_slab":11,"minecraft:polished_granite":2,"minecraft:chiseled_stone_bricks":13,"minecraft:green_shulker_box":40,"minecraft:glowstone":7,"minecraft:repeater":95,"minecraft:redstone_lamp":78,"minecraft:cobblestone":68,"minecraft:iron_trapdoor":8,"minecraft:furnace":1,"minecraft:chain_command_block":88,"minecraft:netherite_pickaxe":27,"minecraft:bucket":6,"minecraft:andesite":3,"minecraft:acacia_wood":5,"minecraft:repeating_command_block":74,"minecraft:sea_pickle":10,"minecraft:stone_pressure_plate":4,"minecraft:white_concrete":478,"minecraft:cooked_beef":25,"minecraft:observer":23,"minecraft:smooth_stone":14},"minecraft:custom":{"minecraft:interact_with_furnace":2,"minecraft:open_barrel":1,"minecraft:open_shulker_box":10,"minecraft:leave_game":55,"minecraft:time_since_death":861261,"minecraft:time_since_rest":861282,"minecraft:sprint_one_cm":1337333,"minecraft:damage_taken":320,"minecraft:walk_one_cm":2837064,"minecraft:drop":2,"minecraft:fly_one_cm":6936734,"minecraft:open_chest":132,"minecraft:crouch_one_cm":89218,"minecraft:play_time":7188164,"minecraft:deaths":3,"minecraft:sneak_time":42340,"minecraft:jump":4477,"minecraft:total_world_time":7188164,"minecraft:fall_one_cm":5821,"minecraft:inspect_dispenser":24}},"DataVersion":3578}