{"stats":{"minecraft:killed":{"minecraft:frog":1},"minecraft:custom":{"minecraft:open_chest":36,"minecraft:time_since_rest":34796,"minecraft:leave_game":1,"minecraft:damage_dealt":15,"minecraft:crouch_one_cm":3184,"minecraft:sprint_one_cm":2783,"minecraft:open_shulker_box":67,"minecraft:play_time":34796,"minecraft:time_since_death":34796,"minecraft:walk_one_cm":224615,"minecraft:sneak_time":390,"minecraft:total_world_time":34796,"minecraft:mob_kills":1,"minecraft:fly_one_cm":1172,"minecraft:inspect_dispenser":2},"minecraft:used":{"minecraft:carrot_on_a_stick":63,"minecraft:yellow_concrete":2,"minecraft:magenta_concrete":2,"minecraft:light_blue_concrete":2,"minecraft:red_concrete":2}},"DataVersion":3578}