{"stats":{"minecraft:mined":{"minecraft:cobblestone":83},"minecraft:used":{"minecraft:stone_brick_stairs":1,"minecraft:glass":4,"minecraft:water_bucket":5,"minecraft:nether_brick_fence":30,"minecraft:light":1,"minecraft:light_blue_concrete":24,"minecraft:red_concrete":26,"minecraft:iron_block":15,"minecraft:chain":1,"minecraft:nether_bricks":39,"minecraft:netherite_pickaxe":83,"minecraft:carrot_on_a_stick":1267,"minecraft:bucket":9,"minecraft:yellow_concrete":28,"minecraft:magenta_concrete":25,"minecraft:ochre_froglight":17,"minecraft:pearlescent_froglight":6,"minecraft:quartz_stairs":1,"minecraft:chiseled_nether_bricks":52,"minecraft:player_head":2},"minecraft:custom":{"minecraft:time_since_rest":64869,"minecraft:open_chest":82,"minecraft:crouch_one_cm":89001,"minecraft:open_shulker_box":177,"minecraft:play_time":383290,"minecraft:sprint_one_cm":336448,"minecraft:damage_taken":21810,"minecraft:deaths":3,"minecraft:walk_one_cm":3309955,"minecraft:sneak_time":10531,"minecraft:walk_under_water_one_cm":9,"minecraft:mob_kills":1,"minecraft:drop":29,"minecraft:jump":136,"minecraft:damage_dealt":15,"minecraft:leave_game":5,"minecraft:walk_on_water_one_cm":125,"minecraft:time_since_death":64824,"minecraft:total_world_time":383290,"minecraft:fly_one_cm":132374,"minecraft:fall_one_cm":210061,"minecraft:inspect_dispenser":7,"minecraft:interact_with_smithing_table":1},"minecraft:dropped":{"minecraft:salmon_bucket":27,"minecraft:carrot_on_a_stick":2},"minecraft:killed":{"minecraft:frog":1}},"DataVersion":3578}