{"stats":{"minecraft:dropped":{"minecraft:sea_lantern":1,"minecraft:smooth_stone_slab":1,"minecraft:white_wool":1,"minecraft:chest":1},"minecraft:custom":{"minecraft:time_since_rest":32853,"minecraft:open_chest":10,"minecraft:crouch_one_cm":641,"minecraft:open_shulker_box":44,"minecraft:play_time":51443,"minecraft:sprint_one_cm":112157,"minecraft:deaths":1,"minecraft:walk_one_cm":147805,"minecraft:sneak_time":202,"minecraft:drop":4,"minecraft:jump":31,"minecraft:interact_with_grindstone":1,"minecraft:interact_with_blast_furnace":1,"minecraft:leave_game":2,"minecraft:time_since_death":32752,"minecraft:total_world_time":51443,"minecraft:fall_one_cm":335,"minecraft:fly_one_cm":146100},"minecraft:used":{"minecraft:sea_lantern":1,"minecraft:light_blue_concrete":2,"minecraft:iron_trapdoor":1,"minecraft:goat_horn":10,"minecraft:red_concrete":2,"minecraft:carrot_on_a_stick":21,"minecraft:yellow_concrete":2,"minecraft:smooth_stone_slab":113,"minecraft:magenta_concrete":2,"minecraft:painting":1,"minecraft:light_blue_stained_glass":4}},"DataVersion":3578}