{"stats":{"minecraft:mined":{"minecraft:cobblestone":20},"minecraft:used":{"minecraft:sea_lantern":1,"minecraft:light_blue_concrete":20,"minecraft:iron_trapdoor":1,"minecraft:goat_horn":10,"minecraft:red_concrete":20,"minecraft:carrot_on_a_stick":188,"minecraft:netherite_pickaxe":20,"minecraft:yellow_concrete":20,"minecraft:smooth_stone_slab":113,"minecraft:magenta_concrete":20,"minecraft:painting":1,"minecraft:light_blue_stained_glass":4},"minecraft:custom":{"minecraft:time_since_rest":65392,"minecraft:open_chest":25,"minecraft:crouch_one_cm":2491,"minecraft:open_shulker_box":57,"minecraft:play_time":196945,"minecraft:sprint_one_cm":115924,"minecraft:deaths":5,"minecraft:damage_taken":31530,"minecraft:walk_one_cm":1515385,"minecraft:sneak_time":882,"minecraft:drop":4,"minecraft:jump":31,"minecraft:interact_with_grindstone":1,"minecraft:interact_with_blast_furnace":1,"minecraft:leave_game":5,"minecraft:time_since_death":65319,"minecraft:total_world_time":196945,"minecraft:fall_one_cm":311158,"minecraft:tune_noteblock":14,"minecraft:fly_one_cm":153244,"minecraft:inspect_dispenser":1},"minecraft:dropped":{"minecraft:sea_lantern":1,"minecraft:smooth_stone_slab":1,"minecraft:white_wool":1,"minecraft:chest":1}},"DataVersion":3578}