{"stats":{"minecraft:mined":{"minecraft:cobblestone":40},"minecraft:used":{"minecraft:water_bucket":4,"minecraft:light_blue_concrete":14,"minecraft:red_concrete":12,"minecraft:carrot_on_a_stick":382,"minecraft:netherite_pickaxe":40,"minecraft:bucket":6,"minecraft:yellow_concrete":12,"minecraft:magenta_concrete":14},"minecraft:custom":{"minecraft:time_since_rest":138324,"minecraft:open_chest":70,"minecraft:crouch_one_cm":6092,"minecraft:open_shulker_box":100,"minecraft:interact_with_furnace":1,"minecraft:play_time":139585,"minecraft:deaths":3,"minecraft:damage_taken":640,"minecraft:walk_one_cm":1062396,"minecraft:sneak_time":4451,"minecraft:drop":82,"minecraft:leave_game":14,"minecraft:time_since_death":138302,"minecraft:total_world_time":139585,"minecraft:fall_one_cm":22539,"minecraft:fly_one_cm":7933,"minecraft:inspect_dispenser":1},"minecraft:dropped":{"minecraft:carrot_on_a_stick":82}},"DataVersion":3578}