{"stats":{"minecraft:mined":{"minecraft:cobblestone":78},"minecraft:used":{"minecraft:water_bucket":5,"minecraft:stone_brick_slab":1,"minecraft:sea_lantern":1,"minecraft:potion":1,"minecraft:light_blue_concrete":31,"minecraft:yellow_glazed_terracotta":3,"minecraft:orange_glazed_terracotta":3,"minecraft:iron_block":1,"minecraft:red_concrete":31,"minecraft:magenta_glazed_terracotta":3,"minecraft:quartz_block":1,"minecraft:carrot_on_a_stick":855,"minecraft:netherite_pickaxe":78,"minecraft:bucket":9,"minecraft:yellow_concrete":32,"minecraft:light_blue_terracotta":1,"minecraft:magenta_concrete":28,"minecraft:tinted_glass":1,"minecraft:blue_concrete":1,"minecraft:red_glazed_terracotta":3},"minecraft:custom":{"minecraft:open_barrel":131,"minecraft:time_since_rest":31662,"minecraft:open_chest":139,"minecraft:open_shulker_box":556,"minecraft:crouch_one_cm":6852,"minecraft:play_time":273077,"minecraft:sprint_one_cm":37096,"minecraft:deaths":4,"minecraft:damage_taken":23460,"minecraft:walk_one_cm":2562401,"minecraft:sneak_time":2255,"minecraft:jump":14,"minecraft:leave_game":17,"minecraft:time_since_death":31574,"minecraft:total_world_time":273077,"minecraft:fall_one_cm":224928,"minecraft:tune_noteblock":453,"minecraft:fly_one_cm":379841,"minecraft:inspect_dispenser":4}},"DataVersion":3578}