{"stats":{"minecraft:dropped":{"minecraft:filled_map":35,"minecraft:potion":1},"minecraft:mined":{"minecraft:cobblestone":60},"minecraft:killed":{"minecraft:sheep":6},"minecraft:custom":{"minecraft:interact_with_smithing_table":5,"minecraft:mob_kills":6,"minecraft:open_shulker_box":45,"minecraft:damage_dealt_resisted":48,"minecraft:eat_cake_slice":7,"minecraft:leave_game":1,"minecraft:time_since_death":49544,"minecraft:time_since_rest":49718,"minecraft:sprint_one_cm":360082,"minecraft:damage_taken":210,"minecraft:walk_one_cm":1644277,"minecraft:drop":36,"minecraft:damage_dealt":92,"minecraft:fly_one_cm":444682,"minecraft:open_chest":51,"minecraft:crouch_one_cm":15438,"minecraft:play_time":295875,"minecraft:deaths":3,"minecraft:sneak_time":6848,"minecraft:jump":279,"minecraft:walk_on_water_one_cm":756,"minecraft:total_world_time":295875,"minecraft:fall_one_cm":1933,"minecraft:inspect_dispenser":1},"minecraft:used":{"minecraft:quartz_bricks":1,"minecraft:water_bucket":2,"minecraft:jungle_leaves":3,"minecraft:end_rod":1,"minecraft:acacia_log":101,"minecraft:polished_deepslate":74,"minecraft:lodestone":5,"minecraft:stripped_acacia_log":4,"minecraft:smooth_quartz_slab":8,"minecraft:birch_planks":3,"minecraft:carved_pumpkin":1,"minecraft:red_concrete":6,"minecraft:red_sandstone_slab":1,"minecraft:chorus_fruit":1,"minecraft:carrot_on_a_stick":325,"minecraft:polished_basalt":2,"minecraft:oak_sign":26,"minecraft:light_blue_terracotta":1,"minecraft:copper_block":2,"minecraft:smooth_sandstone_slab":2,"minecraft:axolotl_spawn_egg":1,"minecraft:tinted_glass":111,"minecraft:stone":45,"minecraft:composter":1,"minecraft:cauldron":1,"minecraft:sniffer_egg":1,"minecraft:quartz_stairs":9,"minecraft:smooth_sandstone_stairs":48,"minecraft:deepslate_bricks":20,"minecraft:waxed_copper_block":11,"minecraft:gilded_blackstone":18,"minecraft:white_wool":1,"minecraft:spyglass":29,"minecraft:birch_pressure_plate":1,"minecraft:light_blue_concrete":6,"minecraft:spruce_stairs":14,"minecraft:light_gray_terracotta":18,"minecraft:yellow_concrete":6,"minecraft:acacia_leaves":5,"minecraft:deepslate_brick_slab":2,"minecraft:yellow_carpet":20,"minecraft:chiseled_quartz_block":1,"minecraft:lingering_potion":11,"minecraft:light_blue_stained_glass":4,"minecraft:piglin_head":1,"minecraft:beehive":4,"minecraft:cyan_wool":1,"minecraft:smooth_red_sandstone_stairs":45,"minecraft:cobbled_deepslate_stairs":3,"minecraft:deepslate_brick_stairs":180,"minecraft:mushroom_stem":15,"minecraft:cyan_stained_glass":15,"minecraft:lightning_rod":22,"minecraft:shroomlight":29,"minecraft:glass":18,"minecraft:stone_brick_slab":264,"minecraft:cyan_terracotta":77,"minecraft:black_concrete":2,"minecraft:light":7,"minecraft:sea_lantern":85,"minecraft:honeycomb":5,"minecraft:quartz_pillar":37,"minecraft:barrier":1,"minecraft:orange_shulker_box":16,"minecraft:cyan_carpet":3,"minecraft:magenta_concrete":6,"minecraft:stone_slab":6,"minecraft:smooth_quartz":50,"minecraft:stone_brick_stairs":237,"minecraft:smooth_basalt":64,"minecraft:blackstone_slab":12,"minecraft:chiseled_stone_bricks":1,"minecraft:basalt":61,"minecraft:reinforced_deepslate":14,"minecraft:glowstone":19,"minecraft:redstone_lamp":25,"minecraft:cobblestone":12,"minecraft:cobbled_deepslate_slab":2,"minecraft:deepslate_tile_stairs":4,"minecraft:bucket":6,"minecraft:netherite_pickaxe":60,"minecraft:waxed_cut_copper_stairs":71,"minecraft:brown_mushroom_block":51,"minecraft:smooth_stone":31,"minecraft:splash_potion":26,"minecraft:experience_bottle":29}},"DataVersion":3578}