{"stats":{"minecraft:mined":{"minecraft:cobblestone":124},"minecraft:used":{"minecraft:crimson_stem":115,"minecraft:quartz_bricks":1,"minecraft:light_blue_stained_glass_pane":6,"minecraft:water_bucket":8,"minecraft:ink_sac":3,"minecraft:jungle_leaves":3,"minecraft:end_rod":1,"minecraft:copper_block":2,"minecraft:waxed_weathered_copper":10,"minecraft:lodestone":5,"minecraft:stripped_birch_log":7,"minecraft:blackstone":40,"minecraft:acacia_log":101,"minecraft:polished_deepslate":84,"minecraft:stripped_acacia_log":4,"minecraft:flint_and_steel":5,"minecraft:red_sandstone_slab":1,"minecraft:carved_pumpkin":1,"minecraft:smooth_quartz_slab":23,"minecraft:birch_planks":6,"minecraft:gray_carpet":5,"minecraft:red_concrete":38,"minecraft:polished_blackstone":32,"minecraft:chorus_fruit":1,"minecraft:polished_andesite":17,"minecraft:carrot_on_a_stick":834,"minecraft:mangrove_planks":1,"minecraft:mud_brick_slab":88,"minecraft:silverfish_spawn_egg":1,"minecraft:oak_sign":44,"minecraft:smooth_sandstone_slab":2,"minecraft:light_blue_terracotta":13,"minecraft:polished_basalt":26,"minecraft:axolotl_spawn_egg":1,"minecraft:tinted_glass":174,"minecraft:stone":45,"minecraft:redstone_block":7,"minecraft:composter":1,"minecraft:sniffer_egg":1,"minecraft:cauldron":1,"minecraft:white_dye":10,"minecraft:quartz_stairs":9,"minecraft:red_nether_brick_stairs":16,"minecraft:beacon":2,"minecraft:glow_ink_sac":10,"minecraft:player_head":1,"minecraft:smooth_sandstone_stairs":48,"minecraft:netherrack":24,"minecraft:deepslate_bricks":20,"minecraft:stripped_crimson_stem":13,"minecraft:waxed_copper_block":70,"minecraft:gilded_blackstone":19,"minecraft:smooth_quartz_stairs":82,"minecraft:debug_stick":63,"minecraft:white_wool":1,"minecraft:polished_blackstone_pressure_plate":4,"minecraft:brown_dye":1,"minecraft:birch_pressure_plate":1,"minecraft:spyglass":29,"minecraft:red_nether_brick_slab":62,"minecraft:light_blue_concrete":38,"minecraft:spruce_stairs":14,"minecraft:nether_bricks":18,"minecraft:light_gray_terracotta":18,"minecraft:nether_brick_slab":74,"minecraft:yellow_concrete":40,"minecraft:acacia_leaves":5,"minecraft:deepslate_brick_slab":122,"minecraft:yellow_carpet":20,"minecraft:chiseled_quartz_block":1,"minecraft:note_block":6,"minecraft:ochre_froglight":17,"minecraft:black_wool":11,"minecraft:lingering_potion":11,"minecraft:beehive":4,"minecraft:cyan_wool":1,"minecraft:piglin_head":1,"minecraft:cobbled_deepslate_stairs":3,"minecraft:smooth_red_sandstone_stairs":57,"minecraft:light_blue_stained_glass":4,"minecraft:spruce_log":2,"minecraft:cyan_stained_glass":15,"minecraft:deepslate_brick_stairs":223,"minecraft:mushroom_stem":15,"minecraft:polished_diorite":22,"minecraft:lightning_rod":22,"minecraft:glass":18,"minecraft:deepslate_tiles":4,"minecraft:andesite_wall":12,"minecraft:shroomlight":33,"minecraft:black_concrete":5,"minecraft:light":7,"minecraft:dark_prismarine":6,"minecraft:netherite_block":14,"minecraft:stone_brick_slab":266,"minecraft:waxed_oxidized_copper":16,"minecraft:lever":1,"minecraft:cyan_terracotta":77,"minecraft:sea_lantern":119,"minecraft:honeycomb":5,"minecraft:quartz_pillar":37,"minecraft:red_wool":4,"minecraft:iron_block":24,"minecraft:barrier":1,"minecraft:orange_shulker_box":16,"minecraft:cyan_carpet":3,"minecraft:verdant_froglight":3,"minecraft:quartz_block":14,"minecraft:magenta_concrete":38,"minecraft:stone_slab":6,"minecraft:spruce_trapdoor":2,"minecraft:gray_concrete_powder":4,"minecraft:smooth_quartz":50,"minecraft:crimson_planks":65,"minecraft:stone_brick_stairs":237,"minecraft:barrel":7,"minecraft:smooth_basalt":65,"minecraft:blackstone_slab":12,"minecraft:birch_button":5,"minecraft:chiseled_stone_bricks":1,"minecraft:basalt":80,"minecraft:glowstone":35,"minecraft:reinforced_deepslate":16,"minecraft:coal_block":120,"minecraft:red_carpet":14,"minecraft:redstone_lamp":44,"minecraft:red_nether_brick_wall":3,"minecraft:cobblestone":12,"minecraft:cobbled_deepslate_slab":2,"minecraft:crimson_stairs":11,"minecraft:black_dye":3,"minecraft:lime_stained_glass":6,"minecraft:deepslate_tile_stairs":4,"minecraft:waxed_oxidized_cut_copper_stairs":16,"minecraft:bucket":17,"minecraft:netherite_pickaxe":124,"minecraft:chain":8,"minecraft:polished_blackstone_button":10,"minecraft:waxed_cut_copper_stairs":176,"minecraft:pearlescent_froglight":15,"minecraft:gray_wool":12,"minecraft:oak_hanging_sign":7,"minecraft:brown_mushroom_block":51,"minecraft:smooth_stone":31,"minecraft:splash_potion":26,"minecraft:experience_bottle":29},"minecraft:custom":{"minecraft:interact_with_smithing_table":5,"minecraft:mob_kills":6,"minecraft:tune_noteblock":40,"minecraft:open_barrel":6,"minecraft:open_shulker_box":75,"minecraft:eat_cake_slice":7,"minecraft:damage_dealt_resisted":48,"minecraft:leave_game":9,"minecraft:time_since_death":72426,"minecraft:time_since_rest":72483,"minecraft:sprint_one_cm":904850,"minecraft:damage_taken":4740,"minecraft:walk_one_cm":4984078,"minecraft:drop":37,"minecraft:damage_dealt":92,"minecraft:fly_one_cm":849357,"minecraft:open_chest":117,"minecraft:crouch_one_cm":43773,"minecraft:play_time":716333,"minecraft:deaths":10,"minecraft:sneak_time":16341,"minecraft:jump":510,"minecraft:walk_on_water_one_cm":1148,"minecraft:total_world_time":716333,"minecraft:fall_one_cm":2502,"minecraft:inspect_dispenser":14},"minecraft:dropped":{"minecraft:player_head":1,"minecraft:filled_map":35,"minecraft:potion":1},"minecraft:killed":{"minecraft:sheep":6}},"DataVersion":3578}