{"stats":{"minecraft:used":{"minecraft:glass":77,"minecraft:coal_block":1,"minecraft:sea_lantern":5,"minecraft:black_concrete":66,"minecraft:red_stained_glass_pane":3,"minecraft:lime_stained_glass_pane":6,"minecraft:yellow_stained_glass":7,"minecraft:blue_stained_glass":5,"minecraft:lime_stained_glass":12,"minecraft:red_stained_glass":5,"minecraft:carrot_on_a_stick":71,"minecraft:pink_stained_glass":5,"minecraft:black_concrete_powder":1},"minecraft:custom":{"minecraft:open_barrel":2,"minecraft:time_since_rest":18680,"minecraft:open_chest":7,"minecraft:crouch_one_cm":729,"minecraft:play_time":39168,"minecraft:interact_with_furnace":2,"minecraft:sprint_one_cm":3206,"minecraft:sneak_time":608,"minecraft:walk_one_cm":249932,"minecraft:deaths":1,"minecraft:jump":18,"minecraft:leave_game":1,"minecraft:time_since_death":18647,"minecraft:total_world_time":39168,"minecraft:fly_one_cm":81004,"minecraft:inspect_dispenser":1}},"DataVersion":3578}