{"stats":{"minecraft:dropped":{"minecraft:torch":1},"minecraft:mined":{"minecraft:cobblestone":20},"minecraft:custom":{"minecraft:time_since_rest":38206,"minecraft:sprint_one_cm":153567,"minecraft:damage_taken":21150,"minecraft:walk_one_cm":1026651,"minecraft:drop":1,"minecraft:damage_dealt":10,"minecraft:fly_one_cm":330166,"minecraft:open_chest":16,"minecraft:crouch_one_cm":3153,"minecraft:play_time":187439,"minecraft:open_shulker_box":62,"minecraft:deaths":2,"minecraft:sneak_time":1273,"minecraft:aviate_one_cm":692370,"minecraft:jump":126,"minecraft:interact_with_grindstone":3,"minecraft:leave_game":2,"minecraft:time_since_death":38128,"minecraft:total_world_time":187439,"minecraft:fall_one_cm":209,"minecraft:inspect_dispenser":1},"minecraft:used":{"minecraft:warden_spawn_egg":1,"minecraft:redstone_torch":3,"minecraft:nether_brick_fence":2,"minecraft:sticky_piston":8,"minecraft:light_blue_stained_glass_pane":12,"minecraft:waxed_oxidized_copper":8,"minecraft:stone_brick_slab":2,"minecraft:warped_stem":1,"minecraft:water_bucket":1,"minecraft:black_concrete":245,"minecraft:sea_lantern":11,"minecraft:cyan_terracotta":6,"minecraft:firework_rocket":753,"minecraft:acacia_log":16,"minecraft:polished_deepslate":57,"minecraft:red_wool":10,"minecraft:waxed_cut_copper":1,"minecraft:light_gray_concrete":2,"minecraft:lantern":2,"minecraft:red_concrete":6,"minecraft:chorus_fruit":1,"minecraft:carrot_on_a_stick":359,"minecraft:suspicious_stew":9,"minecraft:elytra":2,"minecraft:jungle_log":5,"minecraft:light_blue_terracotta":1,"minecraft:polished_basalt":28,"minecraft:ender_pearl":5,"minecraft:magenta_concrete":6,"minecraft:tinted_glass":11,"minecraft:red_candle":8,"minecraft:spruce_trapdoor":22,"minecraft:redstone_block":9,"minecraft:cauldron":3,"minecraft:barrel":20,"minecraft:stone_brick_stairs":12,"minecraft:white_wool":1,"minecraft:waxed_weathered_cut_copper_stairs":14,"minecraft:torch":1,"minecraft:sculk_sensor":3,"minecraft:gilded_blackstone":3,"minecraft:waxed_exposed_copper":31,"minecraft:basalt":4,"minecraft:reinforced_deepslate":17,"minecraft:glowstone":2,"minecraft:redstone_lamp":29,"minecraft:spyglass":4,"minecraft:potion":1,"minecraft:light_blue_concrete":6,"minecraft:goat_horn":4,"minecraft:deepslate_tile_stairs":34,"minecraft:blast_furnace":1,"minecraft:waxed_weathered_cut_copper_slab":22,"minecraft:grindstone":3,"minecraft:chain":5,"minecraft:black_candle":12,"minecraft:bucket":1,"minecraft:netherite_pickaxe":20,"minecraft:yellow_concrete":6,"minecraft:netherite_helmet":1,"minecraft:waxed_cut_copper_stairs":1,"minecraft:observer":19,"minecraft:light_blue_stained_glass":18,"minecraft:spruce_log":31,"minecraft:smooth_stone":1,"minecraft:splash_potion":27,"minecraft:milk_bucket":1,"minecraft:deepslate_tiles":1}},"DataVersion":3578}