{"stats":{"minecraft:mined":{"minecraft:cobblestone":20},"minecraft:used":{"minecraft:light_blue_carpet":8,"minecraft:water_bucket":2,"minecraft:nether_brick_fence":2,"minecraft:light_blue_stained_glass_pane":12,"minecraft:warped_stem":3,"minecraft:acacia_log":34,"minecraft:polished_deepslate":57,"minecraft:brick_wall":8,"minecraft:red_concrete":6,"minecraft:chorus_fruit":1,"minecraft:carrot_on_a_stick":376,"minecraft:elytra":2,"minecraft:oak_sign":7,"minecraft:mycelium":2,"minecraft:light_blue_terracotta":1,"minecraft:polished_basalt":122,"minecraft:ender_pearl":6,"minecraft:tinted_glass":11,"minecraft:redstone_block":9,"minecraft:cauldron":3,"minecraft:quartz_stairs":5,"minecraft:waxed_weathered_cut_copper_stairs":14,"minecraft:sculk_sensor":3,"minecraft:gilded_blackstone":3,"minecraft:waxed_exposed_copper":31,"minecraft:white_wool":1,"minecraft:green_glazed_terracotta":12,"minecraft:torch":1,"minecraft:spyglass":4,"minecraft:white_carpet":4,"minecraft:light_blue_concrete":8,"minecraft:waxed_weathered_cut_copper_slab":22,"minecraft:blast_furnace":1,"minecraft:light_gray_terracotta":10,"minecraft:yellow_concrete":6,"minecraft:netherite_helmet":1,"minecraft:chiseled_quartz_block":9,"minecraft:ochre_froglight":1,"minecraft:beehive":18,"minecraft:cyan_wool":4,"minecraft:light_blue_stained_glass":18,"minecraft:spruce_log":72,"minecraft:deepslate_brick_stairs":55,"minecraft:milk_bucket":1,"minecraft:warden_spawn_egg":1,"minecraft:deepslate_tiles":1,"minecraft:redstone_torch":3,"minecraft:sticky_piston":8,"minecraft:glass":29,"minecraft:stone_brick_slab":3,"minecraft:waxed_oxidized_copper":8,"minecraft:cyan_terracotta":6,"minecraft:sea_lantern":21,"minecraft:black_concrete":245,"minecraft:firework_rocket":753,"minecraft:red_wool":10,"minecraft:quartz_slab":8,"minecraft:warped_hyphae":1,"minecraft:light_gray_concrete":2,"minecraft:waxed_cut_copper":1,"minecraft:spruce_wood":1,"minecraft:lantern":2,"minecraft:suspicious_stew":9,"minecraft:verdant_froglight":1,"minecraft:jungle_log":5,"minecraft:magenta_concrete":6,"minecraft:red_candle":8,"minecraft:spruce_trapdoor":22,"minecraft:stone_brick_stairs":25,"minecraft:barrel":20,"minecraft:acacia_fence_gate":5,"minecraft:basalt":4,"minecraft:reinforced_deepslate":17,"minecraft:glowstone":2,"minecraft:redstone_lamp":39,"minecraft:potion":1,"minecraft:grindstone":3,"minecraft:goat_horn":8,"minecraft:deepslate_tile_stairs":120,"minecraft:netherite_pickaxe":20,"minecraft:bucket":2,"minecraft:acacia_fence":7,"minecraft:chain":5,"minecraft:black_candle":12,"minecraft:waxed_cut_copper_stairs":1,"minecraft:pearlescent_froglight":23,"minecraft:observer":19,"minecraft:smooth_stone":1,"minecraft:splash_potion":27},"minecraft:custom":{"minecraft:open_shulker_box":128,"minecraft:interact_with_grindstone":3,"minecraft:leave_game":4,"minecraft:time_since_death":777,"minecraft:time_since_rest":859,"minecraft:sprint_one_cm":214549,"minecraft:damage_taken":21150,"minecraft:walk_one_cm":1310035,"minecraft:drop":1,"minecraft:damage_dealt":10,"minecraft:fly_one_cm":403905,"minecraft:open_chest":26,"minecraft:crouch_one_cm":3559,"minecraft:play_time":240194,"minecraft:deaths":3,"minecraft:sneak_time":1523,"minecraft:aviate_one_cm":692370,"minecraft:jump":164,"minecraft:total_world_time":240194,"minecraft:fall_one_cm":209,"minecraft:inspect_dispenser":2},"minecraft:dropped":{"minecraft:torch":1}},"DataVersion":3578}